Time,Parameter 1,Parameter 2,Parameter 3
2025-06-17 23:45:00,36.93,61.39,6.86
2025-06-18 00:00:00,36.82,58.43,6.87
2025-06-18 00:15:00,36.95,62.15,6.87
2025-06-18 00:30:00,36.94,63.31,6.89
2025-06-18 00:45:00,37.06,59.93,6.89
2025-06-18 01:00:00,37.10,59.67,6.89
2025-06-18 01:15:00,37.09,63.94,6.89
2025-06-18 01:30:00,37.01,61.75,6.89
2025-06-18 01:45:00,37.02,58.43,6.89
2025-06-18 02:00:00,36.98,59.99,6.89
2025-06-18 02:15:00,37.02,63.96,6.89
2025-06-18 02:30:00,37.01,62.41,6.89
2025-06-18 02:45:00,36.94,58.46,6.89
2025-06-18 03:00:00,37.00,61.04,6.89
2025-06-18 03:15:00,37.00,64.09,6.89
2025-06-18 03:30:00,37.01,61.80,6.89
2025-06-18 03:45:00,36.95,58.67,6.89
2025-06-18 04:00:00,37.04,59.18,6.88
2025-06-18 04:15:00,37.06,63.46,6.88
2025-06-18 04:30:00,37.02,63.10,6.88
2025-06-18 04:45:00,37.10,58.60,6.88
2025-06-18 05:00:00,37.03,60.97,6.88
2025-06-18 05:15:00,36.94,64.03,6.88
2025-06-18 05:30:00,37.00,62.11,6.88
2025-06-18 05:45:00,36.95,59.08,6.88
2025-06-18 06:00:00,37.04,58.25,6.88
2025-06-18 06:15:00,36.98,60.72,6.88
2025-06-18 06:30:00,36.95,63.92,6.88
2025-06-18 06:45:00,36.97,63.42,6.88
2025-06-18 07:00:00,36.99,60.91,6.88
2025-06-18 07:15:00,36.97,58.97,6.88
2025-06-18 07:30:00,37.06,58.11,6.88
2025-06-18 07:45:00,37.01,59.91,6.88
2025-06-18 08:00:00,36.94,62.97,6.88
2025-06-18 08:15:00,36.99,63.84,6.88
2025-06-18 08:30:00,37.04,53.23,6.88
2025-06-18 08:45:00,37.00,58.71,6.88
2025-06-18 09:00:00,36.99,58.35,6.88
2025-06-18 09:15:00,36.96,59.24,6.88
2025-06-18 09:30:00,37.02,62.29,6.88
2025-06-18 09:45:00,36.92,63.63,6.88
2025-06-18 10:00:00,36.99,63.10,6.88
2025-06-18 10:15:00,37.07,60.24,6.88
2025-06-18 10:30:00,37.04,58.22,6.88
2025-06-18 10:45:00,36.97,57.90,6.88
2025-06-18 11:00:00,37.08,61.07,6.88
2025-06-18 11:15:00,37.00,63.35,6.88
2025-06-18 11:30:00,36.96,63.51,6.88
2025-06-18 11:45:00,37.02,62.05,6.88
2025-06-18 12:00:00,37.00,59.82,6.88
2025-06-18 12:15:00,37.04,57.78,6.88
2025-06-18 12:30:00,37.00,58.60,6.88
2025-06-18 12:45:00,37.05,61.62,6.88
2025-06-18 13:00:00,37.01,63.59,6.88
2025-06-18 13:15:00,37.02,63.46,6.88
2025-06-18 13:30:00,37.04,60.77,6.88
2025-06-18 13:45:00,36.95,59.65,6.87
2025-06-18 14:00:00,37.02,58.33,6.87
2025-06-18 14:15:00,37.00,58.02,6.87
2025-06-18 14:30:00,37.05,59.20,6.87
2025-06-18 14:45:00,37.09,61.76,6.87
2025-06-18 15:00:00,36.97,63.49,6.87
2025-06-18 15:15:00,36.92,63.35,6.87
2025-06-18 15:30:00,37.06,62.31,6.87
2025-06-18 15:45:00,37.01,60.86,6.87
2025-06-18 16:00:00,37.04,59.10,6.87
2025-06-18 16:15:00,36.98,57.75,6.87
2025-06-18 16:30:00,37.02,60.98,6.87
2025-06-18 16:45:00,36.96,63.59,6.87
2025-06-18 17:00:00,36.92,62.54,6.87
2025-06-18 17:15:00,37.00,60.95,6.88
2025-06-18 17:30:00,37.09,59.51,6.88
2025-06-18 17:45:00,36.99,58.32,6.88
2025-06-18 18:00:00,37.03,60.04,6.88
2025-06-18 18:15:00,37.05,63.38,6.88
2025-06-18 18:30:00,36.93,61.46,6.88
2025-06-18 18:45:00,36.94,57.92,6.88
2025-06-18 19:00:00,36.97,58.44,6.88
2025-06-18 19:15:00,36.94,62.88,6.88
2025-06-18 19:30:00,37.00,61.85,6.88
2025-06-18 19:45:00,36.95,57.62,6.88
2025-06-18 20:00:00,36.95,60.56,6.88
2025-06-18 20:15:00,36.99,63.17,6.88
2025-06-18 20:30:00,36.99,59.31,6.88
2025-06-18 20:45:00,37.09,59.97,6.88
2025-06-18 21:00:00,36.98,62.29,6.88
2025-06-18 21:15:00,36.97,62.04,6.88
2025-06-18 21:30:00,36.98,57.04,6.88
2025-06-18 21:45:00,36.96,63.26,6.88
2025-06-18 22:00:00,36.99,56.93,6.88
2025-06-18 22:15:00,37.03,62.40,6.88
2025-06-18 22:30:00,37.02,61.37,6.88
2025-06-18 22:45:00,37.03,57.94,6.88
2025-06-18 23:00:00,36.99,62.62,6.88
2025-06-18 23:15:00,37.01,57.18,6.88
2025-06-18 23:30:00,36.94,63.16,6.88
2025-06-18 23:45:00,36.94,57.03,6.88
2025-06-19 00:00:00,36.93,61.81,6.88
2025-06-19 00:15:00,37.01,57.35,6.88
2025-06-19 00:30:00,37.00,59.70,6.88
2025-06-19 00:45:00,37.04,62.60,6.88
2025-06-19 01:00:00,37.03,56.51,6.88
2025-06-19 01:15:00,36.98,56.85,6.88
2025-06-19 01:30:00,36.97,57.67,6.88
2025-06-19 01:45:00,37.00,60.25,6.88
2025-06-19 02:00:00,37.01,61.68,6.88
2025-06-19 02:15:00,36.92,62.53,6.88
2025-06-19 02:30:00,36.99,61.89,6.88
2025-06-19 02:45:00,37.04,63.01,6.88
2025-06-19 03:00:00,36.96,62.33,6.88
2025-06-19 03:15:00,36.95,60.05,6.88
2025-06-19 03:30:00,37.03,57.61,6.88
2025-06-19 03:45:00,36.97,56.75,6.88
2025-06-19 04:00:00,37.04,58.88,6.89
2025-06-19 04:15:00,36.94,58.79,6.89
2025-06-19 04:30:00,37.02,60.56,6.89
2025-06-19 04:45:00,37.05,61.43,6.89
2025-06-19 05:00:00,37.03,61.06,6.89
2025-06-19 05:15:00,36.99,61.31,6.89
2025-06-19 05:30:00,36.94,60.97,6.89
2025-06-19 05:45:00,36.97,60.72,6.89
2025-06-19 06:00:00,36.91,59.90,6.89
2025-06-19 06:15:00,37.01,58.71,6.89
2025-06-19 06:30:00,37.00,59.29,6.89
2025-06-19 06:45:00,37.06,61.76,6.89
2025-06-19 07:00:00,37.03,58.98,6.89
2025-06-19 07:15:00,36.99,61.39,6.88
2025-06-19 07:30:00,37.05,58.64,6.88
2025-06-19 07:45:00,37.01,60.15,6.88
2025-06-19 08:00:00,36.97,60.07,6.88
2025-06-19 08:15:00,37.09,59.42,6.88
2025-06-19 08:30:00,37.04,58.98,6.88
2025-06-19 08:45:00,37.01,59.98,6.88
2025-06-19 09:00:00,37.08,60.87,6.88
2025-06-19 09:15:00,36.99,59.48,6.88
2025-06-19 09:30:00,37.00,60.65,6.88
2025-06-19 09:45:00,37.03,59.94,6.88
2025-06-19 10:00:00,36.94,59.58,6.88
2025-06-19 10:15:00,37.02,60.57,6.88
2025-06-19 10:30:00,37.11,59.77,6.88
2025-06-19 10:45:00,37.11,60.31,6.88
2025-06-19 11:00:00,36.92,59.72,6.88
2025-06-19 11:15:00,37.01,60.02,6.88
2025-06-19 11:30:00,37.07,60.08,6.87
2025-06-19 11:45:00,37.09,59.87,6.87
2025-06-19 12:00:00,36.95,59.71,6.87
2025-06-19 12:15:00,37.01,59.66,6.87
2025-06-19 12:30:00,37.04,59.39,6.87
2025-06-19 12:45:00,37.04,60.57,6.87
2025-06-19 13:00:00,37.00,59.11,6.87
2025-06-19 13:15:00,36.86,61.27,6.87
2025-06-19 13:30:00,36.99,59.87,6.87
2025-06-19 13:45:00,36.93,59.49,6.87
2025-06-19 14:00:00,36.97,60.07,6.87
2025-06-19 14:15:00,37.02,59.65,6.87
2025-06-19 14:30:00,37.00,59.56,6.87
2025-06-19 14:45:00,36.98,60.51,6.87
2025-06-19 15:00:00,37.13,59.99,6.87
2025-06-19 15:15:00,37.00,60.04,6.87
2025-06-19 15:30:00,36.99,60.08,6.87
2025-06-19 15:45:00,36.95,60.21,6.87
2025-06-19 16:00:00,36.94,59.67,6.87
2025-06-19 16:15:00,36.98,60.12,6.88
2025-06-19 16:30:00,36.94,59.86,6.88
2025-06-19 16:45:00,36.98,59.71,6.88
2025-06-19 17:00:00,37.02,59.99,6.88
2025-06-19 17:15:00,36.99,59.56,6.88
2025-06-19 17:30:00,37.02,59.61,6.88
2025-06-19 17:45:00,37.03,60.17,6.88
2025-06-19 18:00:00,37.03,60.44,6.88
2025-06-19 18:15:00,36.98,59.85,6.88
2025-06-19 18:30:00,37.00,60.10,6.88
2025-06-19 18:45:00,37.03,60.03,6.88
2025-06-19 19:00:00,37.10,60.45,6.88
2025-06-19 19:15:00,36.91,59.81,6.88
2025-06-19 19:30:00,37.03,60.35,6.88
2025-06-19 19:45:00,37.04,60.49,6.88
2025-06-19 20:00:00,36.99,59.78,6.88
2025-06-19 20:15:00,36.99,59.48,6.88
2025-06-19 20:30:00,37.05,60.03,6.88
2025-06-19 20:45:00,36.96,60.06,6.88
2025-06-19 21:00:00,37.03,60.21,6.88
2025-06-19 21:15:00,37.05,59.86,6.88
2025-06-19 21:30:00,37.00,59.44,6.88
2025-06-19 21:45:00,36.95,59.96,6.88
2025-06-19 22:00:00,37.06,60.74,6.87
2025-06-19 22:15:00,37.00,60.24,6.87
2025-06-19 22:30:00,36.99,59.24,6.87
2025-06-19 22:45:00,36.94,59.31,6.87
2025-06-19 23:00:00,36.93,60.24,6.87
2025-06-19 23:15:00,37.03,60.49,6.87
2025-06-19 23:30:00,37.08,60.53,6.87
2025-06-19 23:45:00,36.93,59.68,6.87
2025-06-20 00:00:00,36.98,59.86,6.87
2025-06-20 00:15:00,36.96,59.65,6.87
2025-06-20 00:30:00,37.06,59.96,6.87
2025-06-20 00:45:00,37.06,60.44,6.87
2025-06-20 01:00:00,37.02,60.14,6.87
2025-06-20 01:15:00,36.93,59.71,6.87
2025-06-20 01:30:00,37.01,60.22,6.87
2025-06-20 01:45:00,36.94,60.20,6.87
2025-06-20 02:00:00,36.99,60.27,6.87
2025-06-20 02:15:00,36.99,60.04,6.87
2025-06-20 02:30:00,36.94,60.12,6.87
2025-06-20 02:45:00,37.04,59.62,6.87
2025-06-20 03:00:00,37.01,60.13,6.87
2025-06-20 03:15:00,37.02,60.14,6.87
2025-06-20 03:30:00,37.01,60.08,6.87
2025-06-20 03:45:00,37.00,59.97,6.87
2025-06-20 04:00:00,36.98,60.02,6.87
2025-06-20 04:15:00,36.91,59.87,6.87
2025-06-20 04:30:00,36.92,60.01,6.87
2025-06-20 04:45:00,37.02,59.81,6.87
2025-06-20 05:00:00,37.06,60.39,6.87
2025-06-20 05:15:00,36.98,60.09,6.87
2025-06-20 05:30:00,37.09,60.08,6.88
2025-06-20 05:45:00,36.97,60.02,6.88
2025-06-20 06:00:00,36.99,60.52,6.88
2025-06-20 06:15:00,37.04,60.25,6.88
2025-06-20 06:30:00,37.06,59.98,6.88
2025-06-20 06:45:00,36.95,59.61,6.88
2025-06-20 07:00:00,36.98,59.76,6.88
2025-06-20 07:15:00,36.99,59.72,6.88
2025-06-20 07:30:00,37.04,59.61,6.88
2025-06-20 07:45:00,36.99,60.05,6.88
2025-06-20 08:00:00,37.01,60.68,6.88
2025-06-20 08:15:00,37.01,60.72,6.88
2025-06-20 08:30:00,37.03,60.18,6.88
2025-06-20 08:45:00,36.97,60.57,6.88
2025-06-20 09:00:00,36.99,60.58,6.88
2025-06-20 09:15:00,37.03,60.36,6.88
2025-06-20 09:30:00,36.96,59.91,6.88
2025-06-20 09:45:00,36.94,60.00,6.88
2025-06-20 10:00:00,37.00,60.27,6.88
2025-06-20 10:15:00,36.98,60.16,6.88
2025-06-20 10:30:00,37.03,59.99,6.88
2025-06-20 10:45:00,36.97,59.89,6.91
2025-06-20 11:00:00,37.01,60.52,6.91
2025-06-20 11:15:00,37.00,60.32,6.91
2025-06-20 11:30:00,36.97,59.79,6.91
2025-06-20 11:45:00,37.06,59.59,6.90
2025-06-20 12:00:00,37.01,60.47,6.90
2025-06-20 12:15:00,37.03,60.31,6.90
2025-06-20 12:30:00,37.02,60.19,6.90
2025-06-20 12:45:00,36.99,60.34,6.90
2025-06-20 13:00:00,37.02,60.26,6.90
2025-06-20 13:15:00,37.03,60.03,6.90
2025-06-20 13:30:00,37.00,59.89,6.90
2025-06-20 13:45:00,36.99,59.72,6.90
2025-06-20 14:00:00,37.05,60.07,6.90
2025-06-20 14:15:00,37.02,60.13,6.90
2025-06-20 14:30:00,37.00,59.75,6.90
2025-06-20 14:45:00,36.97,59.76,6.90
2025-06-20 15:00:00,36.98,59.99,6.90
2025-06-20 15:15:00,36.96,59.83,6.90
2025-06-20 15:30:00,37.08,59.75,6.89
2025-06-20 15:45:00,37.01,59.58,6.89
2025-06-20 16:00:00,36.98,59.95,6.89
2025-06-20 16:15:00,37.06,59.92,6.89
2025-06-20 16:30:00,36.95,59.31,6.89
2025-06-20 16:45:00,36.98,59.49,6.89
2025-06-20 17:00:00,36.97,60.11,6.89
2025-06-20 17:15:00,37.06,60.46,6.89
2025-06-20 17:30:00,37.01,60.03,6.89
2025-06-20 17:45:00,37.04,59.71,6.89
2025-06-20 18:00:00,37.05,60.77,6.89
2025-06-20 18:15:00,36.99,60.33,6.89
2025-06-20 18:30:00,36.97,60.67,6.89
2025-06-20 18:45:00,37.07,60.62,6.89
2025-06-20 19:00:00,36.96,60.89,6.89
2025-06-20 19:15:00,37.03,60.71,6.89
2025-06-20 19:30:00,37.01,60.16,6.89
2025-06-20 19:45:00,37.02,59.63,6.89
2025-06-20 20:00:00,37.06,60.07,6.89
2025-06-20 20:15:00,37.02,60.10,6.88
2025-06-20 20:30:00,37.03,60.29,6.88
2025-06-20 20:45:00,36.96,60.18,6.88
2025-06-20 21:00:00,37.01,60.74,6.88
2025-06-20 21:15:00,37.02,60.64,6.88
2025-06-20 21:30:00,36.98,60.50,6.88
2025-06-20 21:45:00,36.97,60.38,6.88
2025-06-20 22:00:00,37.01,60.62,6.88
2025-06-20 22:15:00,36.96,60.23,6.88
2025-06-20 22:30:00,37.04,60.09,6.88
2025-06-20 22:45:00,36.95,59.85,6.88
2025-06-20 23:00:00,37.03,60.72,6.88
2025-06-20 23:15:00,37.00,60.47,6.88
2025-06-20 23:30:00,36.97,60.29,6.88
2025-06-20 23:45:00,36.95,60.54,6.88
2025-06-21 00:00:00,37.09,60.54,6.88
2025-06-21 00:15:00,37.03,60.35,6.88
2025-06-21 00:30:00,37.02,59.80,6.88
2025-06-21 00:45:00,37.01,59.82,6.88
2025-06-21 01:00:00,37.00,60.24,6.88
2025-06-21 01:15:00,37.00,59.94,6.88
2025-06-21 01:30:00,36.99,60.36,6.88
2025-06-21 01:45:00,36.99,59.98,6.88
2025-06-21 02:00:00,37.04,60.48,6.88
2025-06-21 02:15:00,37.08,60.21,6.88
2025-06-21 02:30:00,37.01,59.41,6.88
2025-06-21 02:45:00,36.99,59.37,6.88
2025-06-21 03:00:00,36.97,60.04,6.88
2025-06-21 03:15:00,36.94,60.58,6.88
2025-06-21 03:30:00,36.96,59.96,6.88
2025-06-21 03:45:00,37.05,59.69,6.88
2025-06-21 04:00:00,36.95,60.40,6.88
2025-06-21 04:15:00,37.02,60.18,6.87
2025-06-21 04:30:00,37.01,59.59,6.87
2025-06-21 04:45:00,37.09,59.91,6.87
2025-06-21 05:00:00,36.92,60.92,6.87
2025-06-21 05:15:00,36.97,60.47,6.87
2025-06-21 05:30:00,36.97,60.14,6.87
2025-06-21 05:45:00,37.00,60.22,6.87
2025-06-21 06:00:00,36.98,60.60,6.87
2025-06-21 06:15:00,37.06,60.28,6.87
2025-06-21 06:30:00,37.04,59.99,6.87
2025-06-21 06:45:00,37.03,59.99,6.87
2025-06-21 07:00:00,37.03,60.87,6.87
2025-06-21 07:15:00,36.99,60.19,6.87
2025-06-21 07:30:00,36.99,59.81,6.87
2025-06-21 07:45:00,36.97,59.96,6.87
2025-06-21 08:00:00,36.94,60.74,6.87
2025-06-21 08:15:00,36.97,60.55,6.87
2025-06-21 08:30:00,37.02,59.76,6.87
2025-06-21 08:45:00,37.08,60.01,6.87
2025-06-21 09:00:00,36.98,60.53,6.87
2025-06-21 09:15:00,37.05,60.45,6.87
2025-06-21 09:30:00,37.03,60.49,6.87
2025-06-21 09:45:00,37.02,60.21,6.87
2025-06-21 10:00:00,37.01,61.10,6.88
2025-06-21 10:15:00,36.99,60.41,6.88
2025-06-21 10:30:00,37.02,60.75,6.88
2025-06-21 10:45:00,36.97,60.51,6.88
2025-06-21 11:00:00,37.06,60.85,6.88
2025-06-21 11:15:00,37.04,60.63,6.88
2025-06-21 11:30:00,36.99,60.16,6.88
2025-06-21 11:45:00,36.94,59.90,6.88
2025-06-21 12:00:00,36.95,61.02,6.88
2025-06-21 12:15:00,37.02,60.61,6.88
2025-06-21 12:30:00,37.01,60.42,6.88
2025-06-21 12:45:00,37.02,59.96,6.88
2025-06-21 13:00:00,36.98,60.81,6.88
2025-06-21 13:15:00,36.95,60.27,6.88
2025-06-21 13:30:00,37.04,60.75,6.88
2025-06-21 13:45:00,36.92,59.63,6.88
2025-06-21 14:00:00,36.89,60.59,6.88
2025-06-21 14:15:00,36.91,59.83,6.88
2025-06-21 14:30:00,36.98,59.90,6.88
2025-06-21 14:45:00,36.95,59.73,6.88
2025-06-21 15:00:00,36.99,60.36,6.88
2025-06-21 15:15:00,37.07,59.29,6.88
2025-06-21 15:30:00,37.02,59.87,6.88
2025-06-21 15:45:00,37.03,59.91,6.88
2025-06-21 16:00:00,36.94,60.69,6.88
2025-06-21 16:15:00,37.02,60.85,6.88
2025-06-21 16:30:00,36.99,60.88,6.88
2025-06-21 16:45:00,37.03,60.42,6.88
2025-06-21 17:00:00,36.94,60.84,6.88
2025-06-21 17:15:00,36.97,60.18,6.89
2025-06-21 17:30:00,36.96,59.93,6.89
2025-06-21 17:45:00,37.06,59.88,6.89
2025-06-21 18:00:00,36.97,61.73,6.89
2025-06-21 18:15:00,36.95,60.47,6.92
2025-06-21 18:30:00,37.02,60.28,6.93
2025-06-21 18:45:00,36.98,60.49,6.92
2025-06-21 19:00:00,36.99,61.27,6.91
2025-06-21 19:15:00,36.95,60.16,6.91
2025-06-21 19:30:00,37.07,60.03,6.90
2025-06-21 19:45:00,36.99,60.21,6.90
2025-06-21 20:00:00,36.99,60.95,6.90
2025-06-21 20:15:00,37.06,60.46,6.90
2025-06-21 20:30:00,37.02,59.83,6.89
2025-06-21 20:45:00,36.99,60.32,6.89
2025-06-21 21:00:00,36.99,60.83,6.89
2025-06-21 21:15:00,36.97,60.19,6.89
2025-06-21 21:30:00,36.96,59.82,6.89
2025-06-21 21:45:00,37.03,59.91,6.89
2025-06-21 22:00:00,36.99,60.60,6.88
2025-06-21 22:15:00,36.98,59.93,6.88
2025-06-21 22:30:00,36.98,59.75,6.88
2025-06-21 22:45:00,37.03,59.70,6.88
2025-06-21 23:00:00,36.97,60.29,6.88
2025-06-21 23:15:00,37.05,60.52,6.88
2025-06-21 23:30:00,37.03,60.26,6.88
2025-06-21 23:45:00,37.07,60.25,6.88
2025-06-22 00:00:00,36.99,60.32,6.88
2025-06-22 00:15:00,37.04,59.62,6.88
2025-06-22 00:30:00,36.96,59.82,6.87
2025-06-22 00:45:00,37.02,60.17,6.87
2025-06-22 01:00:00,37.02,61.21,6.87
2025-06-22 01:15:00,37.00,59.76,6.87
2025-06-22 01:30:00,37.00,59.49,6.87
2025-06-22 01:45:00,37.00,59.78,6.87
2025-06-22 02:00:00,37.04,60.86,6.87
2025-06-22 02:15:00,36.97,59.43,6.87
2025-06-22 02:30:00,37.01,59.90,6.87
2025-06-22 02:45:00,37.03,60.94,6.87
2025-06-22 03:00:00,36.94,61.02,6.87
2025-06-22 03:15:00,37.03,60.09,6.87
2025-06-22 03:30:00,37.08,60.37,6.87
2025-06-22 03:45:00,36.97,60.63,6.87
2025-06-22 04:00:00,36.92,60.25,6.88
2025-06-22 04:15:00,36.97,59.68,6.88
2025-06-22 04:30:00,37.00,59.81,6.88
2025-06-22 04:45:00,37.05,60.62,6.88
2025-06-22 05:00:00,37.06,61.14,6.88
2025-06-22 05:15:00,37.07,59.76,6.88
2025-06-22 05:30:00,37.02,59.05,6.88
2025-06-22 05:45:00,36.93,59.40,6.88
2025-06-22 06:00:00,36.93,60.06,6.88
2025-06-22 06:15:00,37.05,59.99,6.88
2025-06-22 06:30:00,36.97,60.08,6.88
2025-06-22 06:45:00,37.05,59.81,6.88
2025-06-22 07:00:00,37.01,60.35,6.88
2025-06-22 07:15:00,36.98,60.52,6.88
2025-06-22 07:30:00,36.96,59.44,6.88
2025-06-22 07:45:00,37.02,59.36,6.88
2025-06-22 08:00:00,36.94,60.06,6.88
2025-06-22 08:15:00,36.97,59.83,6.88
2025-06-22 08:30:00,36.92,59.90,6.88
2025-06-22 08:45:00,36.97,60.30,6.88
2025-06-22 09:00:00,37.05,60.04,6.88
2025-06-22 09:15:00,37.05,60.35,6.88
2025-06-22 09:30:00,37.07,59.96,6.88
2025-06-22 09:45:00,36.99,59.93,6.88
2025-06-22 10:00:00,36.94,59.93,6.88
2025-06-22 10:15:00,36.97,59.71,6.87
2025-06-22 10:30:00,37.00,60.32,6.87
2025-06-22 10:45:00,37.02,60.67,6.87
2025-06-22 11:00:00,37.07,61.19,6.87
2025-06-22 11:15:00,37.12,60.25,6.87
2025-06-22 11:30:00,36.96,59.72,6.87
2025-06-22 11:45:00,36.95,59.77,6.87
2025-06-22 12:00:00,36.97,58.89,6.87
2025-06-22 12:15:00,36.88,60.28,6.87
2025-06-22 12:30:00,36.96,60.21,6.87
2025-06-22 12:45:00,36.93,59.41,6.87
2025-06-22 13:00:00,37.01,59.20,6.87
2025-06-22 13:15:00,36.98,59.45,6.87
2025-06-22 13:30:00,37.03,59.95,6.87
2025-06-22 13:45:00,36.99,59.44,6.87
2025-06-22 14:00:00,36.99,60.09,6.88
2025-06-22 14:15:00,36.91,59.29,6.88
2025-06-22 14:30:00,37.07,60.44,6.88
2025-06-22 14:45:00,37.07,59.90,6.88
2025-06-22 15:00:00,36.91,59.00,6.88
2025-06-22 15:15:00,36.97,60.40,6.88
2025-06-22 15:30:00,37.00,59.80,6.88
2025-06-22 15:45:00,37.04,59.95,6.88
2025-06-22 16:00:00,37.02,59.39,6.88
2025-06-22 16:15:00,36.97,59.70,6.88
2025-06-22 16:30:00,36.95,59.83,6.88
2025-06-22 16:45:00,37.02,60.05,6.88
2025-06-22 17:00:00,37.03,59.69,6.88
2025-06-22 17:15:00,37.04,59.67,6.88
2025-06-22 17:30:00,36.98,59.72,6.88
2025-06-22 17:45:00,36.98,59.77,6.88
2025-06-22 18:00:00,37.12,59.46,6.88
2025-06-22 18:15:00,36.96,59.12,6.88
2025-06-22 18:30:00,37.05,59.53,6.88
2025-06-22 18:45:00,36.97,60.57,6.88
2025-06-22 19:00:00,36.98,59.68,6.88
2025-06-22 19:15:00,36.90,59.74,6.88
2025-06-22 19:30:00,36.97,59.69,6.88
2025-06-22 19:45:00,37.02,60.34,6.88
2025-06-22 20:00:00,37.07,59.03,6.88
2025-06-22 20:15:00,37.04,60.08,6.88
2025-06-22 20:30:00,36.97,59.92,6.88
2025-06-22 20:45:00,37.05,59.86,6.88
2025-06-22 21:00:00,37.00,59.85,6.88
2025-06-22 21:15:00,37.00,60.36,6.88
2025-06-22 21:30:00,37.00,59.96,6.88
2025-06-22 21:45:00,37.01,60.05,6.88
2025-06-22 22:00:00,36.97,60.30,6.88
2025-06-22 22:15:00,37.00,60.62,6.88
2025-06-22 22:30:00,37.09,60.30,6.88
2025-06-22 22:45:00,37.10,59.76,6.88
2025-06-22 23:00:00,37.03,59.87,6.88
2025-06-22 23:15:00,36.98,59.72,6.88
2025-06-22 23:30:00,37.04,59.69,6.88
2025-06-22 23:45:00,37.03,60.60,6.88
2025-06-23 00:00:00,37.02,59.91,6.88
2025-06-23 00:15:00,37.00,60.04,6.88
2025-06-23 00:30:00,37.02,59.98,6.88
2025-06-23 00:45:00,37.00,60.36,6.88
2025-06-23 01:00:00,36.98,59.69,6.88
2025-06-23 01:15:00,36.93,60.10,6.88
2025-06-23 01:30:00,36.99,59.93,6.88
2025-06-23 01:45:00,36.96,59.78,6.88
2025-06-23 02:00:00,37.10,59.36,6.88
2025-06-23 02:15:00,37.02,60.13,6.88
2025-06-23 02:30:00,36.94,59.00,6.88
2025-06-23 02:45:00,36.98,60.85,6.88
2025-06-23 03:00:00,36.99,59.90,6.88
2025-06-23 03:15:00,37.03,60.35,6.88
2025-06-23 03:30:00,36.94,60.40,6.88
2025-06-23 03:45:00,36.96,60.42,6.88
2025-06-23 04:00:00,36.93,59.99,6.88
2025-06-23 04:15:00,37.01,59.29,6.88
2025-06-23 04:30:00,36.97,59.76,6.88
2025-06-23 04:45:00,36.97,61.07,6.88
2025-06-23 05:00:00,37.03,61.10,6.88
2025-06-23 05:15:00,36.92,60.23,6.88
2025-06-23 05:30:00,36.99,61.03,6.88
2025-06-23 05:45:00,36.96,59.72,6.88
2025-06-23 06:00:00,36.99,60.30,6.88
2025-06-23 06:15:00,37.02,59.95,6.88
2025-06-23 06:30:00,36.99,60.21,6.88
2025-06-23 06:45:00,36.98,59.99,6.88
2025-06-23 07:00:00,36.99,59.03,6.88
2025-06-23 07:15:00,36.97,59.87,6.88
2025-06-23 07:30:00,37.01,59.45,6.88
2025-06-23 07:45:00,37.00,59.62,6.88
2025-06-23 08:00:00,37.00,59.49,6.88
2025-06-23 08:15:00,37.05,60.45,6.88
2025-06-23 08:30:00,37.02,59.47,6.88
2025-06-23 08:45:00,36.94,59.25,6.88
2025-06-23 09:00:00,36.96,59.37,6.88
2025-06-23 09:15:00,37.10,59.44,6.88
2025-06-23 09:30:00,37.00,60.53,6.88
2025-06-23 09:45:00,36.96,59.55,6.88
2025-06-23 10:00:00,36.97,59.44,6.88
2025-06-23 10:15:00,37.15,60.11,6.88
2025-06-23 10:30:00,37.26,60.01,6.88
2025-06-23 10:45:00,37.09,60.55,6.88
2025-06-23 11:00:00,36.99,60.00,6.87
2025-06-23 11:15:00,36.39,60.59,6.87
2025-06-23 11:30:00,31.60,59.84,6.87
2025-06-23 11:45:00,35.40,53.35,6.85
2025-06-23 12:00:00,35.38,66.96,6.84
2025-06-23 12:15:00,40.40,64.80,6.86
2025-06-23 12:30:00,37.75,61.94,6.89
2025-06-23 12:45:00,36.77,60.87,6.92
2025-06-23 13:00:00,36.54,59.90,6.93
2025-06-23 13:15:00,36.56,56.72,6.92
2025-06-23 13:30:00,36.56,59.40,6.92
2025-06-23 13:45:00,36.53,59.38,6.91
2025-06-23 14:00:00,36.77,60.79,6.90
2025-06-23 14:15:00,36.93,59.31,6.90
2025-06-23 14:30:00,36.99,59.57,6.90
2025-06-23 14:45:00,36.97,59.39,6.90
2025-06-23 15:00:00,37.00,58.60,6.89
2025-06-23 15:15:00,37.08,59.70,6.88
2025-06-23 15:30:00,37.05,60.01,6.87
2025-06-23 15:45:00,37.06,59.93,6.87
2025-06-23 16:00:00,37.10,58.73,6.86
2025-06-23 16:15:00,37.01,59.44,6.86
2025-06-23 16:30:00,37.01,59.80,6.85
2025-06-23 16:45:00,36.87,60.74,6.85
2025-06-23 17:00:00,36.92,59.16,6.86
2025-06-23 17:15:00,36.98,59.46,6.87
2025-06-23 17:30:00,37.08,59.72,6.87
2025-06-23 17:45:00,37.00,60.19,6.88
2025-06-23 18:00:00,36.95,59.23,6.88
2025-06-23 18:15:00,37.03,60.19,6.88
2025-06-23 18:30:00,37.03,59.65,6.88
2025-06-23 18:45:00,37.03,60.13,6.88
2025-06-23 19:00:00,37.03,59.49,6.88
2025-06-23 19:15:00,36.99,60.47,6.88
2025-06-23 19:30:00,36.94,59.33,6.88
2025-06-23 19:45:00,37.00,59.31,6.88
2025-06-23 20:00:00,36.99,59.47,6.88
2025-06-23 20:15:00,37.02,59.67,6.88
2025-06-23 20:30:00,37.05,59.90,6.88
2025-06-23 20:45:00,37.00,59.80,6.88
2025-06-23 21:00:00,37.09,59.36,6.88
2025-06-23 21:15:00,37.07,60.05,6.88
2025-06-23 21:30:00,36.93,59.55,6.88
2025-06-23 21:45:00,37.00,60.33,6.88
2025-06-23 22:00:00,37.04,58.42,6.88
2025-06-23 22:15:00,36.94,60.08,6.88
2025-06-23 22:30:00,37.02,59.74,6.88
2025-06-23 22:45:00,37.01,60.16,6.88
2025-06-23 23:00:00,36.89,59.83,6.88
2025-06-23 23:15:00,37.01,58.94,6.88
2025-06-23 23:30:00,37.01,59.25,6.88
2025-06-23 23:45:00,37.02,61.06,6.88
2025-06-24 00:00:00,37.05,59.32,6.88
2025-06-24 00:15:00,36.93,60.38,6.88
2025-06-24 00:30:00,37.02,58.36,6.88
2025-06-24 00:45:00,37.03,61.51,6.88
2025-06-24 01:00:00,37.05,57.79,6.88
2025-06-24 01:15:00,37.06,60.92,6.88
2025-06-24 01:30:00,37.07,59.69,6.88
2025-06-24 01:45:00,37.00,59.05,6.88
2025-06-24 02:00:00,37.04,57.59,6.88
2025-06-24 02:15:00,37.03,59.61,6.88
2025-06-24 02:30:00,36.94,59.74,6.88
2025-06-24 02:45:00,37.04,59.78,6.88
2025-06-24 03:00:00,36.99,59.04,6.88
2025-06-24 03:15:00,37.00,61.07,6.88
2025-06-24 03:30:00,37.04,60.76,6.88
2025-06-24 03:45:00,36.93,59.56,6.88
2025-06-24 04:00:00,37.06,57.92,6.88
2025-06-24 04:15:00,36.98,59.93,6.88
2025-06-24 04:30:00,37.02,59.62,6.88
2025-06-24 04:45:00,36.99,60.32,6.88
2025-06-24 05:00:00,36.98,57.44,6.88
2025-06-24 05:15:00,37.02,60.23,6.88
2025-06-24 05:30:00,37.07,58.99,6.88
2025-06-24 05:45:00,37.01,60.48,6.88
2025-06-24 06:00:00,36.97,58.69,6.88
2025-06-24 06:15:00,37.05,59.34,6.88
2025-06-24 06:30:00,37.01,59.19,6.88
2025-06-24 06:45:00,37.04,60.62,6.88
2025-06-24 07:00:00,37.02,59.30,6.88
2025-06-24 07:15:00,37.03,60.24,6.88
2025-06-24 07:30:00,37.03,59.09,6.88
2025-06-24 07:45:00,36.99,59.35,6.88
2025-06-24 08:00:00,37.00,58.89,6.88
2025-06-24 08:15:00,36.93,60.92,6.88
2025-06-24 08:30:00,36.98,59.37,6.89
2025-06-24 08:45:00,36.99,60.23,6.89
2025-06-24 09:00:00,37.00,58.83,6.90
2025-06-24 09:15:00,37.09,60.54,6.90
2025-06-24 09:30:00,36.93,59.78,6.90
2025-06-24 09:45:00,37.08,60.57,6.89
2025-06-24 10:00:00,37.06,57.29,6.89
2025-06-24 10:15:00,36.96,60.28,6.89
2025-06-24 10:30:00,37.03,59.45,6.89
2025-06-24 10:45:00,36.94,59.62,6.89
2025-06-24 11:00:00,37.01,59.11,6.89
2025-06-24 11:15:00,37.01,60.12,6.89
2025-06-24 11:30:00,37.01,59.25,6.88
2025-06-24 11:45:00,37.02,60.06,6.88
2025-06-24 12:00:00,37.02,57.44,6.88
2025-06-24 12:15:00,37.02,60.53,6.88
2025-06-24 12:30:00,37.03,59.66,6.88
2025-06-24 12:45:00,37.03,60.04,6.88
2025-06-24 13:00:00,37.03,58.71,6.88
2025-06-24 13:15:00,37.03,59.24,6.88
2025-06-24 13:30:00,37.04,59.60,6.88
2025-06-24 13:45:00,37.04,59.74,6.88
2025-06-24 14:00:00,37.04,58.25,6.87
2025-06-24 14:15:00,37.05,58.10,6.87
2025-06-24 14:30:00,37.05,60.38,6.87
2025-06-24 14:45:00,37.05,58.64,6.87
2025-06-24 15:00:00,37.06,58.12,6.87
2025-06-24 15:15:00,37.06,61.71,6.87
2025-06-24 15:30:00,37.06,59.30,6.87
2025-06-24 15:45:00,37.07,59.09,6.87
2025-06-24 16:00:00,37.07,59.09,6.87
2025-06-24 16:15:00,37.07,61.95,6.88
2025-06-24 16:30:00,37.03,60.37,6.88
2025-06-24 16:45:00,37.03,58.44,6.88
2025-06-24 17:00:00,37.03,58.31,6.88
2025-06-24 17:15:00,37.03,60.81,6.88
2025-06-24 17:30:00,37.03,58.93,6.88
2025-06-24 17:45:00,37.03,62.63,6.87
2025-06-24 18:00:00,37.03,58.42,6.86
2025-06-24 18:15:00,37.03,60.12,6.87
2025-06-24 18:30:00,37.03,60.48,6.87
2025-06-24 18:45:00,37.04,59.42,6.87
2025-06-24 19:00:00,37.04,59.22,6.87
2025-06-24 19:15:00,37.04,60.01,6.87
2025-06-24 19:30:00,37.04,60.27,6.87
2025-06-24 19:45:00,37.04,60.52,6.87
2025-06-24 20:00:00,37.04,58.42,6.87
2025-06-24 20:15:00,37.04,59.27,6.87
2025-06-24 20:30:00,36.92,59.96,6.87
2025-06-24 20:45:00,36.94,59.29,6.87
2025-06-24 21:00:00,36.96,59.30,6.87
2025-06-24 21:15:00,36.98,59.87,6.87
2025-06-24 21:30:00,37.00,59.34,6.87
2025-06-24 21:45:00,37.00,60.06,6.88
2025-06-24 22:00:00,37.00,59.28,6.88
2025-06-24 22:15:00,37.01,59.57,6.88
2025-06-24 22:30:00,37.01,59.91,6.88
2025-06-24 22:45:00,37.01,61.09,6.88
2025-06-24 23:00:00,37.01,59.10,6.88
2025-06-24 23:15:00,37.01,59.57,6.88
2025-06-24 23:30:00,37.01,60.08,6.88
2025-06-24 23:45:00,37.02,59.52,6.88
2025-06-25 00:00:00,37.02,59.07,6.88
2025-06-25 00:15:00,37.02,61.00,6.88
2025-06-25 00:30:00,37.02,60.87,6.88
2025-06-25 00:45:00,37.02,59.31,6.88
2025-06-25 01:00:00,37.03,60.30,6.88
2025-06-25 01:15:00,37.03,59.67,6.88
2025-06-25 01:30:00,37.03,58.22,6.88
2025-06-25 01:45:00,37.03,59.24,6.87
2025-06-25 02:00:00,37.03,60.07,6.87
2025-06-25 02:15:00,37.04,59.50,6.87
2025-06-25 02:30:00,37.04,59.62,6.87
2025-06-25 02:45:00,37.04,59.62,6.87
2025-06-25 03:00:00,37.04,60.86,6.87
2025-06-25 03:15:00,37.04,60.59,6.87
2025-06-25 03:30:00,37.05,60.30,6.87
2025-06-25 03:45:00,37.05,60.49,6.87
2025-06-25 04:00:00,37.05,59.34,6.87
2025-06-25 04:15:00,37.05,59.22,6.87
2025-06-25 04:30:00,37.05,61.28,6.87
2025-06-25 04:45:00,37.06,60.04,6.87
2025-06-25 05:00:00,37.06,58.42,6.87
2025-06-25 05:15:00,37.06,60.44,6.87
2025-06-25 05:30:00,37.06,58.71,6.87
2025-06-25 05:45:00,37.06,59.48,6.87
2025-06-25 06:00:00,37.07,59.83,6.87
2025-06-25 06:15:00,37.07,60.43,6.86
2025-06-25 06:30:00,37.07,59.20,6.86
2025-06-25 06:45:00,37.07,59.78,6.86
2025-06-25 07:00:00,37.07,59.40,6.86
2025-06-25 07:15:00,37.08,59.66,6.86
2025-06-25 07:30:00,37.08,59.65,6.86
2025-06-25 07:45:00,37.08,60.73,6.87
2025-06-25 08:00:00,37.08,58.57,6.87
2025-06-25 08:15:00,37.08,60.23,6.87
2025-06-25 08:30:00,37.08,60.66,6.87
2025-06-25 08:45:00,37.09,59.20,6.87
2025-06-25 09:00:00,37.09,57.91,6.87
2025-06-25 09:15:00,37.09,60.78,6.87
2025-06-25 09:30:00,37.09,59.93,6.87
2025-06-25 09:45:00,37.09,59.24,6.87
2025-06-25 10:00:00,37.10,59.32,6.88
2025-06-25 10:15:00,37.10,59.51,6.88
2025-06-25 10:30:00,37.10,59.36,6.88
2025-06-25 10:45:00,37.10,60.45,6.88
2025-06-25 11:00:00,37.10,58.42,6.88
2025-06-25 11:15:00,37.10,59.78,6.88
2025-06-25 11:30:00,37.09,60.00,6.86
2025-06-25 11:45:00,37.09,60.26,6.86
2025-06-25 12:00:00,37.08,59.19,6.86
2025-06-25 12:15:00,37.08,60.50,6.86
2025-06-25 12:30:00,37.07,60.12,6.86
2025-06-25 12:45:00,37.06,58.75,6.86
2025-06-25 13:00:00,37.06,56.93,6.87
2025-06-25 13:15:00,37.05,60.65,6.87
2025-06-25 13:30:00,37.03,59.89,6.87
2025-06-25 13:45:00,37.03,59.07,6.87
2025-06-25 14:00:00,37.04,58.51,6.87
2025-06-25 14:15:00,37.05,61.70,6.87
2025-06-25 14:30:00,37.05,58.30,6.87
2025-06-25 14:45:00,37.06,58.88,6.87
2025-06-25 15:00:00,37.07,58.98,6.87
2025-06-25 15:15:00,37.07,60.80,6.87
2025-06-25 15:30:00,37.08,60.75,6.87
2025-06-25 15:45:00,37.09,60.33,6.87
2025-06-25 16:00:00,37.08,59.16,6.87
2025-06-25 16:15:00,37.07,59.24,6.87
2025-06-25 16:30:00,37.07,59.40,6.87
2025-06-25 16:45:00,37.06,59.92,6.87
2025-06-25 17:00:00,37.05,59.23,6.87
2025-06-25 17:15:00,37.04,60.29,6.87
2025-06-25 17:30:00,37.04,60.47,6.87
2025-06-25 17:45:00,37.03,59.87,6.87
2025-06-25 18:00:00,37.02,57.73,6.87
2025-06-25 18:15:00,37.01,58.22,6.87
2025-06-25 18:30:00,37.01,59.84,6.88
2025-06-25 18:45:00,37.00,59.92,6.88
2025-06-25 19:00:00,36.99,58.97,6.88
2025-06-25 19:15:00,36.98,58.86,6.88
2025-06-25 19:30:00,36.98,59.83,6.88
2025-06-25 19:45:00,37.00,59.47,6.88
2025-06-25 20:00:00,37.01,58.49,6.88
2025-06-25 20:15:00,36.98,60.29,6.88
2025-06-25 20:30:00,36.98,59.73,6.88
2025-06-25 20:45:00,36.98,63.04,6.88
2025-06-25 21:00:00,36.98,58.83,6.87
2025-06-25 21:15:00,36.98,59.69,6.87
2025-06-25 21:30:00,36.98,60.93,6.87
2025-06-25 21:45:00,36.98,60.83,6.87
2025-06-25 22:00:00,36.98,59.11,6.86
2025-06-25 22:15:00,36.98,60.23,6.86
2025-06-25 22:30:00,36.98,63.33,6.85
2025-06-25 22:45:00,36.99,60.01,6.86
2025-06-25 23:00:00,36.99,58.22,6.86
2025-06-25 23:15:00,36.99,60.62,6.87
2025-06-25 23:30:00,36.99,59.79,6.87
2025-06-25 23:45:00,36.99,60.42,6.87
2025-06-26 00:00:00,36.99,59.04,6.88
2025-06-26 00:15:00,36.99,58.36,6.88
2025-06-26 00:30:00,36.99,60.71,6.88
2025-06-26 00:45:00,36.99,59.73,6.88
2025-06-26 01:00:00,36.99,59.21,6.88
2025-06-26 01:15:00,36.99,59.65,6.88
2025-06-26 01:30:00,36.99,59.49,6.87
2025-06-26 01:45:00,36.99,61.13,6.87
2025-06-26 02:00:00,36.99,60.33,6.87
2025-06-26 02:15:00,36.99,59.56,6.87
2025-06-26 02:30:00,36.99,59.58,6.86
2025-06-26 02:45:00,36.99,60.22,6.86
2025-06-26 03:00:00,36.99,59.96,6.86
2025-06-26 03:15:00,36.99,60.30,6.86
2025-06-26 03:30:00,36.99,59.08,6.87
2025-06-26 03:45:00,36.99,60.35,6.87
2025-06-26 04:00:00,36.99,60.65,6.87
2025-06-26 04:15:00,36.99,59.14,6.87
2025-06-26 04:30:00,36.99,60.17,6.88
2025-06-26 04:45:00,36.98,58.73,6.88
2025-06-26 05:00:00,36.98,59.73,6.88
2025-06-26 05:15:00,36.98,60.81,6.88
2025-06-26 05:30:00,36.98,60.67,6.88
2025-06-26 05:45:00,36.98,59.95,6.88
2025-06-26 06:00:00,36.98,58.55,6.88
2025-06-26 06:15:00,36.98,60.56,6.88
2025-06-26 06:30:00,36.98,61.05,6.88
2025-06-26 06:45:00,36.98,58.90,6.88
2025-06-26 07:00:00,36.98,58.78,6.88
2025-06-26 07:15:00,36.98,59.82,6.88
2025-06-26 07:30:00,36.98,60.48,6.88
2025-06-26 07:45:00,36.98,60.04,6.88
2025-06-26 08:00:00,36.98,59.71,6.88
2025-06-26 08:15:00,36.98,60.51,6.88
2025-06-26 08:30:00,36.98,59.19,6.88
2025-06-26 08:45:00,36.98,60.61,6.88
2025-06-26 09:00:00,36.97,59.29,6.88
2025-06-26 09:15:00,36.97,59.69,6.88
2025-06-26 09:30:00,36.97,60.19,6.88
2025-06-26 09:45:00,36.97,59.84,6.88
2025-06-26 10:00:00,36.97,60.33,6.88
2025-06-26 10:15:00,36.97,59.62,6.88
2025-06-26 10:30:00,36.97,58.74,6.88
2025-06-26 10:45:00,36.97,58.83,6.88
2025-06-26 11:00:00,36.97,60.28,6.88
2025-06-26 11:15:00,36.97,58.85,6.88
2025-06-26 11:30:00,36.97,59.53,6.88
2025-06-26 11:45:00,36.97,60.27,6.88
2025-06-26 12:00:00,36.97,59.02,6.88
2025-06-26 12:15:00,36.97,59.96,6.88
2025-06-26 12:30:00,36.96,60.38,6.88
2025-06-26 12:45:00,36.96,60.09,6.88
2025-06-26 13:00:00,36.96,60.58,6.88
2025-06-26 13:15:00,36.96,59.56,6.88
2025-06-26 13:30:00,36.96,59.19,6.88
2025-06-26 13:45:00,36.96,60.31,6.88
2025-06-26 14:00:00,36.96,60.03,6.88
2025-06-26 14:15:00,36.96,61.44,6.88
2025-06-26 14:30:00,36.96,58.89,6.87
2025-06-26 14:45:00,36.96,59.93,6.87
2025-06-26 15:00:00,36.96,58.17,6.87
2025-06-26 15:15:00,36.96,59.93,6.87
2025-06-26 15:30:00,36.96,60.42,6.87
2025-06-26 15:45:00,36.96,59.59,6.87
2025-06-26 16:00:00,36.95,59.94,6.87
2025-06-26 16:15:00,36.95,60.99,6.87
2025-06-26 16:30:00,36.95,59.68,6.87
2025-06-26 16:45:00,36.95,60.34,6.87
2025-06-26 17:00:00,36.95,61.03,6.87
2025-06-26 17:15:00,36.95,61.25,6.87
2025-06-26 17:30:00,36.95,60.11,6.86
2025-06-26 17:45:00,36.95,58.56,6.86
2025-06-26 18:00:00,36.95,60.05,6.86
2025-06-26 18:15:00,36.95,61.29,6.87
2025-06-26 18:30:00,36.95,60.63,6.87
2025-06-26 18:45:00,36.95,59.20,6.87
2025-06-26 19:00:00,36.95,61.06,6.87
2025-06-26 19:15:00,36.95,61.57,6.87
2025-06-26 19:30:00,36.94,58.60,6.87
2025-06-26 19:45:00,36.94,60.13,6.87
2025-06-26 20:00:00,36.94,59.99,6.88
2025-06-26 20:15:00,36.99,59.69,6.88
2025-06-26 20:30:00,37.02,60.18,6.88
2025-06-26 20:45:00,37.05,59.30,6.88
2025-06-26 21:00:00,37.08,60.79,6.88
2025-06-26 21:15:00,37.09,60.11,6.88
2025-06-26 21:30:00,37.08,60.69,6.88
2025-06-26 21:45:00,37.08,60.55,6.88
2025-06-26 22:00:00,37.08,60.37,6.88
2025-06-26 22:15:00,37.08,60.20,6.88
2025-06-26 22:30:00,37.08,60.61,6.88
2025-06-26 22:45:00,37.08,59.26,6.88
2025-06-26 23:00:00,37.08,60.45,6.88
2025-06-26 23:15:00,37.08,59.81,6.88
2025-06-26 23:30:00,37.08,62.97,6.88
2025-06-26 23:45:00,37.07,59.43,6.88
2025-06-27 00:00:00,37.07,59.75,6.87
2025-06-27 00:15:00,37.07,60.23,6.87
2025-06-27 00:30:00,37.07,59.42,6.87
2025-06-27 00:45:00,37.07,59.05,6.87
2025-06-27 01:00:00,37.07,61.44,6.87
2025-06-27 01:15:00,37.07,59.77,6.87
2025-06-27 01:30:00,37.07,60.39,6.87
2025-06-27 01:45:00,37.06,59.90,6.87
2025-06-27 02:00:00,37.06,59.89,6.87
2025-06-27 02:15:00,37.06,58.52,6.87
2025-06-27 02:30:00,37.06,59.40,6.87
2025-06-27 02:45:00,37.06,59.48,6.87
2025-06-27 03:00:00,37.06,58.71,6.87
2025-06-27 03:15:00,37.06,59.98,6.87
2025-06-27 03:30:00,37.06,59.86,6.86
2025-06-27 03:45:00,37.05,60.28,6.86
2025-06-27 04:00:00,37.05,60.88,6.86
2025-06-27 04:15:00,37.05,59.99,6.86
2025-06-27 04:30:00,37.05,59.80,6.86
2025-06-27 04:45:00,37.05,60.26,6.86
2025-06-27 05:00:00,37.05,60.14,6.86
2025-06-27 05:15:00,37.05,60.72,6.86
2025-06-27 05:30:00,37.05,61.46,6.86
2025-06-27 05:45:00,37.05,59.42,6.86
2025-06-27 06:00:00,37.04,58.85,6.86
2025-06-27 06:15:00,37.04,61.77,6.86
2025-06-27 06:30:00,37.04,60.16,6.87
2025-06-27 06:45:00,37.04,59.82,6.87
2025-06-27 07:00:00,37.04,60.13,6.87
2025-06-27 07:15:00,37.04,61.22,6.87
2025-06-27 07:30:00,37.04,60.47,6.87
2025-06-27 07:45:00,37.04,59.97,6.87
2025-06-27 08:00:00,37.03,60.00,6.87
2025-06-27 08:15:00,37.03,59.74,6.87
2025-06-27 08:30:00,37.03,62.49,6.88
2025-06-27 08:45:00,37.03,60.64,6.91
2025-06-27 09:00:00,37.03,59.37,6.93
2025-06-27 09:15:00,37.03,59.11,6.92
2025-06-27 09:30:00,37.03,60.15,6.91
2025-06-27 09:45:00,37.03,60.28,6.90
2025-06-27 10:00:00,37.02,59.73,6.90
2025-06-27 10:15:00,37.02,60.41,6.90
2025-06-27 10:30:00,37.02,60.85,6.90
2025-06-27 10:45:00,37.02,59.30,6.90
2025-06-27 11:00:00,37.02,59.78,6.89
2025-06-27 11:15:00,37.02,59.91,6.89
2025-06-27 11:30:00,37.02,59.73,6.89
2025-06-27 11:45:00,37.02,59.86,6.89
2025-06-27 12:00:00,37.02,59.49,6.89
2025-06-27 12:15:00,37.01,59.09,6.89
2025-06-27 12:30:00,37.01,60.77,6.89
2025-06-27 12:45:00,37.01,59.63,6.89
2025-06-27 13:00:00,37.01,60.68,6.89
2025-06-27 13:15:00,37.01,59.05,6.89
2025-06-27 13:30:00,37.01,60.69,6.89
2025-06-27 13:45:00,37.01,59.04,6.89
2025-06-27 14:00:00,37.01,62.02,6.88
2025-06-27 14:15:00,37.00,59.68,6.88
2025-06-27 14:30:00,37.00,59.90,6.88
2025-06-27 14:45:00,37.00,60.31,6.88
2025-06-27 15:00:00,37.00,59.88,6.88
2025-06-27 15:15:00,36.96,60.91,6.88
2025-06-27 15:30:00,37.03,61.91,6.88
2025-06-27 15:45:00,36.96,61.85,6.88
2025-06-27 16:00:00,36.98,60.43,6.87
2025-06-27 16:15:00,37.04,59.48,6.87
2025-06-27 16:30:00,37.02,59.33,6.87
2025-06-27 16:45:00,37.03,59.13,6.87
2025-06-27 17:00:00,37.05,59.78,6.87
2025-06-27 17:15:00,36.88,60.71,6.87
2025-06-27 17:30:00,37.03,60.02,6.87
2025-06-27 17:45:00,37.09,60.02,6.87
2025-06-27 18:00:00,36.98,61.51,6.87
2025-06-27 18:15:00,37.02,59.03,6.87
2025-06-27 18:30:00,37.00,60.88,6.87
2025-06-27 18:45:00,36.98,60.38,6.87
2025-06-27 19:00:00,36.93,60.41,6.87
2025-06-27 19:15:00,36.92,59.19,6.87
2025-06-27 19:30:00,37.02,61.30,6.87
2025-06-27 19:45:00,37.01,61.01,6.87
2025-06-27 20:00:00,36.92,61.05,6.88
2025-06-27 20:15:00,37.01,60.19,6.88
2025-06-27 20:30:00,36.98,60.27,6.88
2025-06-27 20:45:00,36.99,58.50,6.88
2025-06-27 21:00:00,36.93,59.31,6.88
2025-06-27 21:15:00,36.99,60.25,6.88
2025-06-27 21:30:00,36.96,60.71,6.88
2025-06-27 21:45:00,37.06,60.69,6.88
2025-06-27 22:00:00,36.96,60.26,6.88
2025-06-27 22:15:00,37.01,59.87,6.88
2025-06-27 22:30:00,36.95,60.10,6.88
2025-06-27 22:45:00,36.98,58.72,6.88
2025-06-27 23:00:00,36.97,59.72,6.88
2025-06-27 23:15:00,36.94,61.18,6.88
2025-06-27 23:30:00,36.96,61.01,6.88
2025-06-27 23:45:00,36.99,59.49,6.88
2025-06-28 00:00:00,36.98,60.23,6.88
2025-06-28 00:15:00,37.02,59.29,6.88
2025-06-28 00:30:00,36.99,61.32,6.88
2025-06-28 00:45:00,37.00,62.89,6.88
2025-06-28 01:00:00,37.01,59.37,6.88
2025-06-28 01:15:00,37.00,59.35,6.88
2025-06-28 01:30:00,36.99,61.58,6.88
2025-06-28 01:45:00,36.97,60.10,6.88
2025-06-28 02:00:00,36.99,60.16,6.88
2025-06-28 02:15:00,36.99,59.02,6.88
2025-06-28 02:30:00,36.92,58.38,6.88
2025-06-28 02:45:00,36.95,61.12,6.88
2025-06-28 03:00:00,37.01,60.60,6.87
2025-06-28 03:15:00,36.98,59.77,6.87
2025-06-28 03:30:00,37.01,59.94,6.87
2025-06-28 03:45:00,37.02,60.14,6.87
2025-06-28 04:00:00,37.02,59.31,6.87
2025-06-28 04:15:00,36.99,59.71,6.87
2025-06-28 04:30:00,37.04,60.51,6.87
2025-06-28 04:45:00,36.97,60.72,6.87
2025-06-28 05:00:00,36.97,60.69,6.87
2025-06-28 05:15:00,37.01,59.88,6.87
2025-06-28 05:30:00,36.96,60.45,6.87
2025-06-28 05:45:00,37.04,59.72,6.87
2025-06-28 06:00:00,36.98,59.90,6.87
2025-06-28 06:15:00,36.93,59.99,6.87
2025-06-28 06:30:00,36.97,60.51,6.86
2025-06-28 06:45:00,37.00,61.11,6.86
2025-06-28 07:00:00,37.08,60.06,6.86
2025-06-28 07:15:00,37.01,59.57,6.86
2025-06-28 07:30:00,36.98,60.13,6.86
2025-06-28 07:45:00,36.96,61.29,6.86
2025-06-28 08:00:00,37.02,59.68,6.86
2025-06-28 08:15:00,37.00,59.06,6.86
2025-06-28 08:30:00,36.95,60.60,6.86
2025-06-28 08:45:00,36.95,59.73,6.86
2025-06-28 09:00:00,36.99,59.42,6.86
2025-06-28 09:15:00,37.12,59.65,6.86
2025-06-28 09:30:00,36.95,60.75,6.86
2025-06-28 09:45:00,37.00,59.98,6.85
2025-06-28 10:00:00,37.02,61.52,6.85
2025-06-28 10:15:00,36.96,60.25,6.85
2025-06-28 10:30:00,36.95,59.62,6.85
2025-06-28 10:45:00,36.94,59.70,6.84
2025-06-28 11:00:00,36.95,59.11,6.84
2025-06-28 11:15:00,36.92,60.11,6.85
2025-06-28 11:30:00,37.03,59.55,6.85
2025-06-28 11:45:00,37.01,60.52,6.85
2025-06-28 12:00:00,37.01,59.93,6.85
2025-06-28 12:15:00,36.99,59.96,6.85
2025-06-28 12:30:00,37.00,61.73,6.85
2025-06-28 12:45:00,36.98,61.29,6.88
2025-06-28 13:00:00,36.92,59.58,6.91
2025-06-28 13:15:00,36.99,58.60,6.92
2025-06-28 13:30:00,37.01,59.11,6.91
2025-06-28 13:45:00,37.00,59.02,6.90
2025-06-28 14:00:00,37.03,59.48,6.90
2025-06-28 14:15:00,36.96,59.07,6.89
2025-06-28 14:30:00,37.02,59.51,6.89
2025-06-28 14:45:00,36.99,60.04,6.89
2025-06-28 15:00:00,37.03,59.89,6.89
2025-06-28 15:15:00,36.95,60.25,6.89
2025-06-28 15:30:00,37.00,60.84,6.88
2025-06-28 15:45:00,36.99,60.73,6.88
2025-06-28 16:00:00,36.98,59.31,6.88
2025-06-28 16:15:00,36.96,59.74,6.88
2025-06-28 16:30:00,36.99,60.05,6.88
2025-06-28 16:45:00,36.98,60.81,6.88
2025-06-28 17:00:00,36.90,61.76,6.88
2025-06-28 17:15:00,37.02,60.02,6.88
2025-06-28 17:30:00,37.05,60.03,6.88
2025-06-28 17:45:00,37.03,60.78,6.88
2025-06-28 18:00:00,37.01,60.49,6.88
2025-06-28 18:15:00,36.98,59.73,6.88
2025-06-28 18:30:00,36.96,62.54,6.88
2025-06-28 18:45:00,36.99,60.13,6.88
2025-06-28 19:00:00,36.99,60.05,6.88
2025-06-28 19:15:00,36.90,60.31,6.88
2025-06-28 19:30:00,36.95,60.49,6.88
2025-06-28 19:45:00,37.05,61.74,6.88
2025-06-28 20:00:00,37.00,60.24,6.88
2025-06-28 20:15:00,37.06,61.03,6.88
2025-06-28 20:30:00,37.09,59.54,6.88
2025-06-28 20:45:00,37.03,60.66,6.88
2025-06-28 21:00:00,36.96,59.64,6.88
2025-06-28 21:15:00,36.99,60.35,6.88
2025-06-28 21:30:00,37.05,60.51,6.88
2025-06-28 21:45:00,37.01,60.51,6.88
2025-06-28 22:00:00,37.09,59.30,6.88
2025-06-28 22:15:00,37.09,59.87,6.88
2025-06-28 22:30:00,37.02,60.10,6.88
2025-06-28 22:45:00,36.98,60.71,6.88
2025-06-28 23:00:00,37.06,60.72,6.88
2025-06-28 23:15:00,37.00,59.11,6.88
2025-06-28 23:30:00,37.05,59.68,6.88
2025-06-28 23:45:00,37.05,59.77,6.87
2025-06-29 00:00:00,37.00,59.44,6.87
2025-06-29 00:15:00,36.93,60.54,6.87
2025-06-29 00:30:00,37.00,61.23,6.87
2025-06-29 00:45:00,36.93,60.93,6.87
2025-06-29 01:00:00,37.04,60.89,6.87
2025-06-29 01:15:00,37.02,59.95,6.87
2025-06-29 01:30:00,37.07,59.60,6.87
2025-06-29 01:45:00,37.00,61.05,6.87
2025-06-29 02:00:00,36.94,60.77,6.87
2025-06-29 02:15:00,36.97,58.53,6.87
2025-06-29 02:30:00,36.93,60.21,6.87
2025-06-29 02:45:00,36.99,60.39,6.87
2025-06-29 03:00:00,36.94,61.13,6.87
2025-06-29 03:15:00,37.01,59.42,6.87
2025-06-29 03:30:00,37.02,59.30,6.87
2025-06-29 03:45:00,37.05,59.67,6.86
2025-06-29 04:00:00,36.94,60.21,6.86
2025-06-29 04:15:00,36.99,60.73,6.86
2025-06-29 04:30:00,36.96,60.66,6.86
2025-06-29 04:45:00,36.99,59.45,6.86
2025-06-29 05:00:00,36.99,61.03,6.86
2025-06-29 05:15:00,37.00,60.08,6.86
2025-06-29 05:30:00,36.97,61.92,6.86
2025-06-29 05:45:00,37.01,60.04,6.86
2025-06-29 06:00:00,37.00,59.71,6.86
2025-06-29 06:15:00,37.07,59.35,6.86
2025-06-29 06:30:00,37.01,61.05,6.86
2025-06-29 06:45:00,36.96,60.14,6.86
2025-06-29 07:00:00,36.94,59.76,6.86
2025-06-29 07:15:00,36.95,58.95,6.86
2025-06-29 07:30:00,37.08,62.14,6.86
2025-06-29 07:45:00,36.95,59.84,6.86
2025-06-29 08:00:00,36.94,59.20,6.86
2025-06-29 08:15:00,37.01,58.18,6.86
2025-06-29 08:30:00,37.02,61.25,6.86
2025-06-29 08:45:00,37.02,60.80,6.86
2025-06-29 09:00:00,37.03,58.66,6.86
2025-06-29 09:15:00,37.01,59.03,6.86
2025-06-29 09:30:00,37.00,60.30,6.86
2025-06-29 09:45:00,36.97,61.04,6.86
2025-06-29 10:00:00,37.00,60.96,6.86
2025-06-29 10:15:00,36.94,59.52,6.86
2025-06-29 10:30:00,36.96,60.53,6.89
2025-06-29 10:45:00,36.98,61.09,6.92
2025-06-29 11:00:00,37.03,57.09,6.93
2025-06-29 11:15:00,37.01,58.31,6.91
2025-06-29 11:30:00,37.00,60.61,6.91
2025-06-29 11:45:00,37.03,61.26,6.90
2025-06-29 12:00:00,37.03,59.78,6.90
2025-06-29 12:15:00,37.03,59.89,6.89
2025-06-29 12:30:00,36.99,60.25,6.89
2025-06-29 12:45:00,37.01,59.76,6.89
2025-06-29 13:00:00,37.02,57.81,6.89
2025-06-29 13:15:00,36.97,59.88,6.89
2025-06-29 13:30:00,37.04,59.65,6.89
2025-06-29 13:45:00,36.99,59.18,6.89
2025-06-29 14:00:00,37.02,60.44,6.89
2025-06-29 14:15:00,37.00,60.47,6.89
2025-06-29 14:30:00,36.87,60.67,6.89
2025-06-29 14:45:00,36.95,60.45,6.89
2025-06-29 15:00:00,37.00,60.16,6.89
2025-06-29 15:15:00,36.89,60.68,6.88
2025-06-29 15:30:00,36.98,60.50,6.88
2025-06-29 15:45:00,36.98,59.49,6.78
2025-06-29 16:00:00,37.06,59.83,6.82
2025-06-29 16:15:00,37.00,58.23,6.85
2025-06-29 16:30:00,36.99,59.12,6.88
2025-06-29 16:45:00,37.00,58.06,6.91
2025-06-29 17:00:00,37.00,59.14,6.90
2025-06-29 17:15:00,37.03,55.79,6.90
2025-06-29 17:30:00,36.97,57.97,6.89
2025-06-29 17:45:00,36.94,59.69,6.89
2025-06-29 18:00:00,37.01,58.49,6.89
2025-06-29 18:15:00,37.04,58.20,6.89
2025-06-29 18:30:00,37.01,60.34,6.88
2025-06-29 18:45:00,36.98,61.81,6.88
2025-06-29 19:00:00,37.05,60.27,6.88
2025-06-29 19:15:00,37.01,59.35,6.88
2025-06-29 19:30:00,37.05,60.66,6.88
2025-06-29 19:45:00,36.98,60.76,6.88
2025-06-29 20:00:00,37.02,59.87,6.87
2025-06-29 20:15:00,36.99,59.12,6.87
2025-06-29 20:30:00,37.00,60.23,6.87
2025-06-29 20:45:00,36.90,60.85,6.87
2025-06-29 21:00:00,36.97,59.92,6.87
2025-06-29 21:15:00,36.95,57.56,6.88
2025-06-29 21:30:00,37.00,59.44,6.88
2025-06-29 21:45:00,37.04,62.28,6.88
2025-06-29 22:00:00,36.97,59.21,6.88
2025-06-29 22:15:00,36.98,57.95,6.88
2025-06-29 22:30:00,36.98,59.22,6.88
2025-06-29 22:45:00,37.02,61.31,6.88
2025-06-29 23:00:00,36.99,60.81,6.88
2025-06-29 23:15:00,37.04,58.78,6.88
2025-06-29 23:30:00,37.00,61.04,6.88
2025-06-29 23:45:00,36.90,60.65,6.88
2025-06-30 00:00:00,36.95,60.96,6.88
